symbol,date,minute,marketOpen,marketHigh,marketLow,marketClose,marketVolume,marketNumberOfTrades
DGAZ,2019-09-11,09:30,101.93,102.79,101.726,102.79,13855,47
DGAZ,2019-09-11,09:31,102.73,102.88,102.31,102.622,11484,53
DGAZ,2019-09-11,09:32,102.52,102.82,102.2,102.78,6424,55
DGAZ,2019-09-11,09:33,102.685,102.7,102,102.03,6151,22
DGAZ,2019-09-11,09:34,102.3,102.3,101.89,102.09,3563,17
DGAZ,2019-09-11,09:35,102.12,102.99,102.1,102.72,15712,76
DGAZ,2019-09-11,09:36,102.862,102.91,102.49,102.49,5985,37
DGAZ,2019-09-11,09:37,102.602,102.602,102.03,102.47,4528,17
DGAZ,2019-09-11,09:38,102.471,102.471,101.55,101.55,8026,20
DGAZ,2019-09-11,09:39,101.651,101.88,101.55,101.88,3996,18
DGAZ,2019-09-11,09:40,101.64,101.735,101.4,101.4,1796,11
DGAZ,2019-09-11,09:41,101.74,101.804,101.531,101.804,4441,13
DGAZ,2019-09-11,09:42,101.5,101.71,101.45,101.71,3550,9
DGAZ,2019-09-11,09:43,101.45,101.502,101.25,101.36,2325,16
DGAZ,2019-09-11,09:44,101.431,101.73,101.4,101.73,748,4
DGAZ,2019-09-11,09:45,101.545,102.13,101.545,102.13,2984,27
DGAZ,2019-09-11,09:46,102.12,102.12,101.8,102.1,2050,12
DGAZ,2019-09-11,09:47,102.022,102.19,101.97,102.02,1123,8
DGAZ,2019-09-11,09:48,102.28,102.5,102.122,102.296,4412,27
DGAZ,2019-09-11,09:49,102.3,102.33,102,102,1140,8
DGAZ,2019-09-11,09:50,102.07,102.07,101.76,101.94,3125,14
DGAZ,2019-09-11,09:51,102.183,102.22,101.63,101.84,2940,11
DGAZ,2019-09-11,09:52,101.71,101.71,101.38,101.38,1875,12
DGAZ,2019-09-11,09:53,101.27,101.38,101.23,101.37,2329,12
DGAZ,2019-09-11,09:54,101.32,101.35,101.3,101.3,1963,10
DGAZ,2019-09-11,09:55,101.27,101.59,101.27,101.454,1720,6
DGAZ,2019-09-11,09:56,101.66,101.71,101.29,101.29,883,7
DGAZ,2019-09-11,09:57,101.514,101.514,101.34,101.34,630,3
DGAZ,2019-09-11,09:58,101.48,101.61,101.48,101.52,600,5
DGAZ,2019-09-11,09:59,101.666,101.666,101.666,101.666,1500,1
DGAZ,2019-09-11,10:00,101.68,101.68,101,101.109,4867,17
DGAZ,2019-09-11,10:01,101.18,101.18,100.89,100.89,5363,21
DGAZ,2019-09-11,10:02,100.992,101.15,100.67,100.67,3340,15
DGAZ,2019-09-11,10:03,100.79,100.95,100.76,100.95,1400,10
DGAZ,2019-09-11,10:04,100.7,100.79,100.7,100.79,1125,4
DGAZ,2019-09-11,10:05,100.76,100.93,100.71,100.93,2150,13
DGAZ,2019-09-11,10:06,100.848,100.848,100.43,100.45,1788,9
DGAZ,2019-09-11,10:07,100.58,100.6,100.27,100.27,1953,12
DGAZ,2019-09-11,10:08,100.32,100.63,100.18,100.63,4288,32
DGAZ,2019-09-11,10:09,100.56,100.56,100.39,100.4,700,4
DGAZ,2019-09-11,10:10,100.5,100.5,100.06,100.14,3300,13
DGAZ,2019-09-11,10:11,100.2,100.3,100.02,100.02,1900,12
DGAZ,2019-09-11,10:12,100.07,100.27,100.07,100.27,1743,8
DGAZ,2019-09-11,10:13,100.4,100.4,100.141,100.39,1650,11
DGAZ,2019-09-11,10:14,100.25,100.27,100.07,100.27,800,8
DGAZ,2019-09-11,10:15,100.14,100.14,99.478,99.58,12756,88
DGAZ,2019-09-11,10:16,99.345,99.73,99.345,99.55,5289,18
DGAZ,2019-09-11,10:17,99.59,99.79,99.56,99.745,3825,16
DGAZ,2019-09-11,10:18,99.76,99.9,99.658,99.77,5516,31
DGAZ,2019-09-11,10:19,99.664,99.83,99.664,99.71,3394,20
DGAZ,2019-09-11,10:20,99.71,99.74,99.46,99.46,7390,42
DGAZ,2019-09-11,10:21,99.49,99.53,98.9,99.011,10022,41
DGAZ,2019-09-11,10:22,99.11,99.13,98.982,99.08,5700,35
DGAZ,2019-09-11,10:23,99.055,99.37,98.85,99.088,7605,38
DGAZ,2019-09-11,10:24,99.004,99.27,98.9,99.01,630,5
DGAZ,2019-09-11,10:25,98.89,99.02,98.82,98.966,3500,18
DGAZ,2019-09-11,10:26,98.91,98.99,98.7,98.973,2690,17
DGAZ,2019-09-11,10:27,98.95,99.07,98.85,98.88,2529,14
DGAZ,2019-09-11,10:28,99.03,99.458,99,99.458,2196,11
DGAZ,2019-09-11,10:29,99.429,99.73,99.21,99.41,3031,19
DGAZ,2019-09-11,10:30,99.31,99.31,99,99,3851,21
DGAZ,2019-09-11,10:31,98.82,99.072,98.75,99.072,1570,9
DGAZ,2019-09-11,10:32,99.19,99.36,98.89,99.347,1826,11
DGAZ,2019-09-11,10:33,99.2,99.63,99.2,99.62,3650,27
DGAZ,2019-09-11,10:34,99.88,99.89,99.666,99.86,2951,20
DGAZ,2019-09-11,10:35,99.9,100.09,99.53,99.53,8395,45
DGAZ,2019-09-11,10:36,99.639,99.66,99.225,99.42,2450,12
DGAZ,2019-09-11,10:37,99.26,99.26,99.17,99.17,1000,8
DGAZ,2019-09-11,10:38,99.2,99.35,99.2,99.316,819,5
DGAZ,2019-09-11,10:39,99.29,99.43,99.2,99.22,1700,11
DGAZ,2019-09-11,10:40,99.22,99.23,99.11,99.15,5656,34
DGAZ,2019-09-11,10:41,99.18,99.18,99.05,99.05,200,2
DGAZ,2019-09-11,10:42,99.122,99.732,98.93,99.69,2372,20
DGAZ,2019-09-11,10:43,99.69,99.69,99.47,99.47,418,3
DGAZ,2019-09-11,10:44,99.48,99.48,98.99,98.99,897,8
DGAZ,2019-09-11,10:45,98.929,99.09,98.92,98.93,1070,9
DGAZ,2019-09-11,10:46,99.08,99.49,99.08,99.49,500,5
DGAZ,2019-09-11,10:47,99.45,99.45,99.19,99.3,2428,11
DGAZ,2019-09-11,10:48,99.33,99.43,99.2,99.43,577,5
DGAZ,2019-09-11,10:49,99.61,99.61,99.48,99.48,300,2
DGAZ,2019-09-11,10:50,99.38,99.5,99.38,99.43,3500,16
DGAZ,2019-09-11,10:51,99.47,99.92,99.47,99.92,1700,9
DGAZ,2019-09-11,10:52,99.75,100,99.75,99.959,2309,12
DGAZ,2019-09-11,10:53,99.905,99.96,99.78,99.93,2106,12
DGAZ,2019-09-11,10:54,100,100.57,100,100.56,4897,28
DGAZ,2019-09-11,10:55,100.564,100.78,100.2,100.21,4666,28
DGAZ,2019-09-11,10:56,100.26,100.26,99.98,99.98,3409,21
DGAZ,2019-09-11,10:57,99.9,99.9,99.76,99.89,2295,7
DGAZ,2019-09-11,10:58,99.77,99.77,99.656,99.656,795,6
DGAZ,2019-09-11,10:59,99.65,99.71,99.52,99.538,2045,5
DGAZ,2019-09-11,11:00,99.65,99.65,99.63,99.63,280,2
DGAZ,2019-09-11,11:01,99.87,100.09,99.87,99.98,1183,7
DGAZ,2019-09-11,11:02,100.02,100.02,99.71,99.71,1050,5
DGAZ,2019-09-11,11:03,99.87,99.87,99.4,99.4,2855,16
DGAZ,2019-09-11,11:04,99.44,99.44,99.36,99.42,2246,14
DGAZ,2019-09-11,11:05,99.47,99.47,99.25,99.365,1650,7
DGAZ,2019-09-11,11:06,99.4,99.4,99.186,99.25,2370,17
DGAZ,2019-09-11,11:07,99.21,99.23,99.142,99.23,1985,17
DGAZ,2019-09-11,11:08,99,99.14,99,99.01,2600,10
DGAZ,2019-09-11,11:09,98.95,98.95,98.32,98.546,7235,44
DGAZ,2019-09-11,11:10,98.71,98.78,98.51,98.57,5210,27
DGAZ,2019-09-11,11:11,98.6,98.643,98.57,98.6,3022,19
DGAZ,2019-09-11,11:12,98.43,98.51,98.13,98.13,4577,28
DGAZ,2019-09-11,11:13,98.24,98.26,97.67,98.01,8170,41
DGAZ,2019-09-11,11:14,97.853,97.853,97.5,97.699,6456,31
DGAZ,2019-09-11,11:15,97.73,97.73,96.82,97.67,12780,53
DGAZ,2019-09-11,11:16,97.4,97.83,97.37,97.83,4614,26
DGAZ,2019-09-11,11:17,97.795,97.83,97.429,97.429,1884,13
DGAZ,2019-09-11,11:18,97.585,97.79,97.48,97.712,3580,12
DGAZ,2019-09-11,11:19,97.665,97.82,97.665,97.722,2225,8
DGAZ,2019-09-11,11:20,97.785,97.93,97.728,97.76,2713,17
DGAZ,2019-09-11,11:21,97.93,97.93,97.8,97.871,1583,8
DGAZ,2019-09-11,11:22,97.97,98.38,97.93,98.21,5803,21
DGAZ,2019-09-11,11:23,98.088,98.34,98,98,2399,16
DGAZ,2019-09-11,11:24,,,,,0,0
DGAZ,2019-09-11,11:25,98.01,98.29,98.01,98.245,2045,8
DGAZ,2019-09-11,11:26,98.28,98.52,98.28,98.4,4602,21
DGAZ,2019-09-11,11:27,98.456,98.71,98.39,98.551,2166,14
DGAZ,2019-09-11,11:28,98.54,98.58,98.21,98.21,4499,19
DGAZ,2019-09-11,11:29,98.08,98.08,98,98,2354,14
DGAZ,2019-09-11,11:30,97.89,98.442,97.89,98.442,3365,21
DGAZ,2019-09-11,11:31,98.49,98.85,98.49,98.85,2075,13
DGAZ,2019-09-11,11:32,98.77,98.79,98.64,98.79,4130,23
DGAZ,2019-09-11,11:33,98.7,98.91,98.7,98.81,1293,8
DGAZ,2019-09-11,11:34,98.7,98.75,98.55,98.55,894,6
DGAZ,2019-09-11,11:35,98.41,98.42,98.17,98.31,1450,14
DGAZ,2019-09-11,11:36,98.21,98.21,98.21,98.21,200,1
DGAZ,2019-09-11,11:37,98.294,98.294,98.294,98.294,100,1
DGAZ,2019-09-11,11:38,98.27,98.51,98.1,98.336,2705,12
DGAZ,2019-09-11,11:39,98.26,98.26,98.26,98.26,100,1
DGAZ,2019-09-11,11:40,98.1,98.6,98,98.6,6254,23
DGAZ,2019-09-11,11:41,98.71,98.76,98.58,98.76,2751,14
DGAZ,2019-09-11,11:42,98.7,98.875,98.7,98.875,880,6
DGAZ,2019-09-11,11:43,98.703,98.95,98.703,98.85,4300,26
DGAZ,2019-09-11,11:44,99.05,99.258,99,99.258,2465,12
DGAZ,2019-09-11,11:45,99.24,99.36,98.75,99.03,4878,35
DGAZ,2019-09-11,11:46,99.29,99.29,98.993,98.993,7052,9
DGAZ,2019-09-11,11:47,98.99,98.99,98.99,98.99,100,1
DGAZ,2019-09-11,11:48,99.07,99.07,98.667,98.667,300,3
DGAZ,2019-09-11,11:49,98.83,98.99,98.83,98.99,1300,5
DGAZ,2019-09-11,11:50,98.99,99.05,98.99,99.05,350,2
DGAZ,2019-09-11,11:51,99.02,99.02,99.02,99.02,100,1
DGAZ,2019-09-11,11:52,99.2,99.42,99.2,99.256,2397,17
DGAZ,2019-09-11,11:53,99.156,99.67,99.156,99.67,4177,24
DGAZ,2019-09-11,11:54,99.38,99.38,99.33,99.33,1289,9
DGAZ,2019-09-11,11:55,99.15,99.222,99.15,99.21,400,4
DGAZ,2019-09-11,11:56,99,99.04,99,99.04,1461,8
DGAZ,2019-09-11,11:57,99.24,99.69,99.235,99.69,672,4
DGAZ,2019-09-11,11:58,99.38,99.482,99.38,99.482,680,4
DGAZ,2019-09-11,11:59,99.7,99.83,99.59,99.59,1024,6
DGAZ,2019-09-11,12:00,99.727,99.81,99.6,99.6,650,6
DGAZ,2019-09-11,12:01,99.31,99.4,99.3,99.4,400,4
DGAZ,2019-09-11,12:02,99.57,99.57,99.34,99.52,800,6
DGAZ,2019-09-11,12:03,99.688,99.689,99.61,99.668,2100,7
DGAZ,2019-09-11,12:04,99.68,100.033,99.68,99.73,7033,29
DGAZ,2019-09-11,12:05,99.7,99.79,99.582,99.7,2511,12
DGAZ,2019-09-11,12:06,99.7,99.7,99.36,99.48,400,4
DGAZ,2019-09-11,12:07,99.34,99.73,99.34,99.61,1680,13
DGAZ,2019-09-11,12:08,99.57,99.57,99.57,99.57,500,1
DGAZ,2019-09-11,12:09,99.42,99.42,99.36,99.42,470,4
DGAZ,2019-09-11,12:10,99.57,99.95,99.57,99.78,1054,9
DGAZ,2019-09-11,12:11,99.75,99.8,99.74,99.8,600,6
DGAZ,2019-09-11,12:12,99.539,99.55,99.539,99.55,280,2
DGAZ,2019-09-11,12:13,,,,,0,0
DGAZ,2019-09-11,12:14,99.87,99.87,99.75,99.75,490,2
DGAZ,2019-09-11,12:15,99.75,99.75,99.43,99.74,875,8
DGAZ,2019-09-11,12:16,99.795,99.795,99.73,99.74,700,3
DGAZ,2019-09-11,12:17,99.85,99.99,99.725,99.99,1279,9
DGAZ,2019-09-11,12:18,99.747,99.747,99.747,99.747,200,1
DGAZ,2019-09-11,12:19,100,100.1,100,100.1,600,4
DGAZ,2019-09-11,12:20,100.142,100.67,100.142,100.67,8673,26
DGAZ,2019-09-11,12:21,100.65,102.07,100.65,101.87,13635,77
DGAZ,2019-09-11,12:22,101.72,101.73,101.347,101.73,16199,65
DGAZ,2019-09-11,12:23,101.561,101.99,101.561,101.59,3020,14
DGAZ,2019-09-11,12:24,101.58,101.58,101.21,101.28,4840,34
DGAZ,2019-09-11,12:25,101.6,101.6,101.36,101.48,2000,20
DGAZ,2019-09-11,12:26,101.6,101.65,101.5,101.575,2330,11
DGAZ,2019-09-11,12:27,101.6,101.6,101.24,101.25,1336,12
DGAZ,2019-09-11,12:28,101.34,101.365,101.22,101.254,1000,10
DGAZ,2019-09-11,12:29,101.37,101.37,101,101.32,3899,12
DGAZ,2019-09-11,12:30,101.45,101.45,101.021,101.021,1460,8
DGAZ,2019-09-11,12:31,100.99,101.05,100.69,101.05,2932,17
DGAZ,2019-09-11,12:32,101.17,101.41,101,101.19,4645,35
DGAZ,2019-09-11,12:33,101.09,101.525,101.09,101.525,3425,27
DGAZ,2019-09-11,12:34,101.181,101.181,101.18,101.18,400,2
DGAZ,2019-09-11,12:35,101.37,101.37,101.23,101.23,700,7
DGAZ,2019-09-11,12:36,101.52,101.7,101.52,101.63,1350,12
DGAZ,2019-09-11,12:37,101.308,101.308,101.13,101.248,716,4
DGAZ,2019-09-11,12:38,101.276,101.276,101.04,101.13,4750,17
DGAZ,2019-09-11,12:39,,,,,0,0
DGAZ,2019-09-11,12:40,101.19,101.25,101.16,101.25,1500,10
DGAZ,2019-09-11,12:41,101.034,101.13,101.02,101.13,501,3
DGAZ,2019-09-11,12:42,100.93,101.21,100.93,101.21,1525,4
DGAZ,2019-09-11,12:43,101.3,101.3,101.3,101.3,200,1
DGAZ,2019-09-11,12:44,101.185,101.185,101.078,101.078,755,6
DGAZ,2019-09-11,12:45,101.11,101.256,101.1,101.256,800,6
DGAZ,2019-09-11,12:46,101.61,101.83,101.49,101.83,2561,15
DGAZ,2019-09-11,12:47,101.91,101.96,101.71,101.863,1811,9
DGAZ,2019-09-11,12:48,102,102.25,101.815,101.86,5092,19
DGAZ,2019-09-11,12:49,101.71,102.07,101.71,102.01,925,6
DGAZ,2019-09-11,12:50,101.99,102.07,101.789,101.85,3050,20
DGAZ,2019-09-11,12:51,101.58,101.73,101.47,101.73,400,4
DGAZ,2019-09-11,12:52,101.66,101.75,101.61,101.644,2525,10
DGAZ,2019-09-11,12:53,,,,,0,0
DGAZ,2019-09-11,12:54,101.51,101.76,101.51,101.76,300,3
DGAZ,2019-09-11,12:55,101.68,101.68,101.67,101.67,600,2
DGAZ,2019-09-11,12:56,101.81,101.82,101.78,101.78,400,4
DGAZ,2019-09-11,12:57,101.68,101.913,101.68,101.83,637,4
DGAZ,2019-09-11,12:58,102.01,102.01,101.707,101.862,1305,3
DGAZ,2019-09-11,12:59,101.78,101.78,101.55,101.665,1349,7
DGAZ,2019-09-11,13:00,101.53,101.6,101.27,101.27,3075,18
DGAZ,2019-09-11,13:01,101.54,101.54,101.185,101.185,1300,3
DGAZ,2019-09-11,13:02,101.25,101.25,101.25,101.25,210,1
DGAZ,2019-09-11,13:03,101.57,101.57,101.55,101.57,550,4
DGAZ,2019-09-11,13:04,101.426,101.426,101.35,101.398,1200,5
DGAZ,2019-09-11,13:05,101.39,101.39,101.39,101.39,100,1
DGAZ,2019-09-11,13:06,,,,,0,0
DGAZ,2019-09-11,13:07,101.25,101.369,101.25,101.369,600,2
DGAZ,2019-09-11,13:08,101.37,101.37,101.3,101.3,500,2
DGAZ,2019-09-11,13:09,101.39,101.64,101.34,101.624,2300,23
DGAZ,2019-09-11,13:10,101.704,101.704,101.704,101.704,400,1
DGAZ,2019-09-11,13:11,102,102.25,101.82,101.82,6174,37
DGAZ,2019-09-11,13:12,101.91,102.23,101.87,102.06,5141,45
DGAZ,2019-09-11,13:13,,,,,0,0
DGAZ,2019-09-11,13:14,101.67,101.67,101.408,101.408,1290,8
DGAZ,2019-09-11,13:15,101.49,101.5,101.29,101.35,1682,10
DGAZ,2019-09-11,13:16,101.26,101.26,101.18,101.18,2350,3
DGAZ,2019-09-11,13:17,101.2,101.2,100.831,101.023,3468,14
DGAZ,2019-09-11,13:18,101.17,101.17,101.07,101.07,465,4
DGAZ,2019-09-11,13:19,100.81,100.87,100.81,100.87,300,2
DGAZ,2019-09-11,13:20,101.02,101.55,101.02,101.407,875,8
DGAZ,2019-09-11,13:21,101.334,101.41,101.334,101.41,200,2
DGAZ,2019-09-11,13:22,101.234,101.234,101.19,101.19,200,2
DGAZ,2019-09-11,13:23,101.43,101.5,101.43,101.435,700,7
DGAZ,2019-09-11,13:24,101.53,101.53,101.22,101.22,586,3
DGAZ,2019-09-11,13:25,101,101.04,101,101.04,200,2
DGAZ,2019-09-11,13:26,,,,,0,0
DGAZ,2019-09-11,13:27,101,101,100.85,100.85,650,3
DGAZ,2019-09-11,13:28,101.08,101.118,101.03,101.114,1300,12
DGAZ,2019-09-11,13:29,100.95,101.076,100.88,100.99,1031,10
DGAZ,2019-09-11,13:30,,,,,0,0
DGAZ,2019-09-11,13:31,101.05,101.05,101.05,101.05,200,1
DGAZ,2019-09-11,13:32,100.999,101.05,100.97,100.97,400,3
DGAZ,2019-09-11,13:33,,,,,0,0
DGAZ,2019-09-11,13:34,101.36,101.65,101.36,101.518,1875,9
DGAZ,2019-09-11,13:35,,,,,0,0
DGAZ,2019-09-11,13:36,101.3,101.3,101.3,101.3,297,1
DGAZ,2019-09-11,13:37,101.03,101.16,101.03,101.126,542,3
DGAZ,2019-09-11,13:38,,,,,0,0
DGAZ,2019-09-11,13:39,,,,,0,0
DGAZ,2019-09-11,13:40,,,,,0,0
DGAZ,2019-09-11,13:41,101.3,101.3,101.3,101.3,400,1
DGAZ,2019-09-11,13:42,,,,,0,0
DGAZ,2019-09-11,13:43,,,,,0,0
DGAZ,2019-09-11,13:44,101.42,101.42,101.42,101.42,100,1
DGAZ,2019-09-11,13:45,101.4,101.416,101.345,101.416,1000,10
DGAZ,2019-09-11,13:46,,,,,0,0
DGAZ,2019-09-11,13:47,101.376,101.376,101.376,101.376,1000,1
DGAZ,2019-09-11,13:48,101.308,101.34,101.23,101.23,1550,11
DGAZ,2019-09-11,13:49,101.49,101.66,101.47,101.66,1450,14
DGAZ,2019-09-11,13:50,101.87,101.9,101.78,101.897,1500,12
DGAZ,2019-09-11,13:51,101.89,101.9,101.654,101.654,734,4
DGAZ,2019-09-11,13:52,101.799,101.9,101.799,101.9,1240,3
DGAZ,2019-09-11,13:53,101.61,101.71,101.61,101.69,1500,12
DGAZ,2019-09-11,13:54,101.54,101.643,101.54,101.643,400,2
DGAZ,2019-09-11,13:55,101.6,101.6,101.59,101.59,474,3
DGAZ,2019-09-11,13:56,101.42,101.42,101.338,101.338,1100,2
DGAZ,2019-09-11,13:57,101.21,101.21,101.082,101.082,646,2
DGAZ,2019-09-11,13:58,101.212,101.35,101.212,101.35,600,2
DGAZ,2019-09-11,13:59,101.56,101.56,101.56,101.56,100,1
DGAZ,2019-09-11,14:00,,,,,0,0
DGAZ,2019-09-11,14:01,101.695,101.695,101.695,101.695,800,1
DGAZ,2019-09-11,14:02,101.729,101.729,101.567,101.567,500,3
DGAZ,2019-09-11,14:03,,,,,0,0
DGAZ,2019-09-11,14:04,101.81,102.25,101.81,102.04,6129,38
DGAZ,2019-09-11,14:05,102.14,102.14,101.73,101.73,600,6
DGAZ,2019-09-11,14:06,101.679,101.679,101.66,101.66,600,2
DGAZ,2019-09-11,14:07,101.609,101.65,101.25,101.25,863,4
DGAZ,2019-09-11,14:08,101.32,101.4,101.32,101.4,917,9
DGAZ,2019-09-11,14:09,101.5,101.53,101.5,101.53,333,2
DGAZ,2019-09-11,14:10,101.58,101.89,101.58,101.84,1832,14
DGAZ,2019-09-11,14:11,101.697,101.697,101.23,101.29,2400,21
DGAZ,2019-09-11,14:12,,,,,0,0
DGAZ,2019-09-11,14:13,101.587,101.587,101.54,101.54,500,2
DGAZ,2019-09-11,14:14,101.6,101.6,101.6,101.6,507,5
DGAZ,2019-09-11,14:15,101.45,101.45,101.43,101.43,200,2
DGAZ,2019-09-11,14:16,101.46,101.49,101.46,101.49,200,2
DGAZ,2019-09-11,14:17,101.5,101.5,101.5,101.5,440,3
DGAZ,2019-09-11,14:18,,,,,0,0
DGAZ,2019-09-11,14:19,101.47,101.825,101.47,101.767,828,7
DGAZ,2019-09-11,14:20,101.7,101.7,101.59,101.59,850,8
DGAZ,2019-09-11,14:21,101.62,101.62,101.544,101.55,442,3
DGAZ,2019-09-11,14:22,101.58,102.03,101.58,102.01,6258,37
DGAZ,2019-09-11,14:23,101.97,102.102,101.95,102.102,3599,9
DGAZ,2019-09-11,14:24,102,102.22,102,102.2,4352,27
DGAZ,2019-09-11,14:25,102.21,102.21,102.1,102.1,700,7
DGAZ,2019-09-11,14:26,101.886,101.99,101.725,101.8,2680,11
DGAZ,2019-09-11,14:27,101.77,101.8,101.77,101.8,300,3
DGAZ,2019-09-11,14:28,101.48,101.597,101.38,101.597,1900,15
DGAZ,2019-09-11,14:29,102.09,102.19,102.01,102.05,2700,23
DGAZ,2019-09-11,14:30,102.065,102.2,102.06,102.07,1758,12
DGAZ,2019-09-11,14:31,102.067,102.067,101.99,101.99,600,2
DGAZ,2019-09-11,14:32,102.02,102.1,101.98,102.1,700,6
DGAZ,2019-09-11,14:33,102.091,102.1,101.951,101.96,981,8
DGAZ,2019-09-11,14:34,102.038,102.1,102.038,102.1,273,2
DGAZ,2019-09-11,14:35,102.055,102.055,102.055,102.055,300,3
DGAZ,2019-09-11,14:36,101.99,101.99,101.99,101.99,237,2
DGAZ,2019-09-11,14:37,,,,,0,0
DGAZ,2019-09-11,14:38,102.11,102.14,102.11,102.14,311,2
DGAZ,2019-09-11,14:39,102.2,102.4,102.2,102.4,1677,14
DGAZ,2019-09-11,14:40,102.39,102.4,102.37,102.37,2737,7
DGAZ,2019-09-11,14:41,102.37,102.42,102.37,102.42,1675,11
DGAZ,2019-09-11,14:42,102.37,102.37,102.366,102.366,375,2
DGAZ,2019-09-11,14:43,102.33,102.37,101.99,101.99,1200,8
DGAZ,2019-09-11,14:44,101.86,101.86,101.86,101.86,149,1
DGAZ,2019-09-11,14:45,101.5,101.71,101.46,101.58,3052,22
DGAZ,2019-09-11,14:46,101.31,101.6,101.31,101.5,876,8
DGAZ,2019-09-11,14:47,101.612,101.63,101.565,101.565,741,3
DGAZ,2019-09-11,14:48,101.6,101.65,101.6,101.65,621,4
DGAZ,2019-09-11,14:49,101.649,101.649,101.649,101.649,796,1
DGAZ,2019-09-11,14:50,,,,,0,0
DGAZ,2019-09-11,14:51,,,,,0,0
DGAZ,2019-09-11,14:52,101.6,101.77,101.6,101.77,1805,9
DGAZ,2019-09-11,14:53,101.612,101.612,101.612,101.612,100,1
DGAZ,2019-09-11,14:54,101.8,101.91,101.8,101.91,1318,10
DGAZ,2019-09-11,14:55,101.78,101.78,101.78,101.78,100,1
DGAZ,2019-09-11,14:56,101.78,102.11,101.78,102.08,2302,14
DGAZ,2019-09-11,14:57,101.99,102.07,101.88,102,3494,14
DGAZ,2019-09-11,14:58,102,102.06,101.87,102,3441,29
DGAZ,2019-09-11,14:59,102,102.03,101.95,102,1851,10
DGAZ,2019-09-11,15:00,102.15,102.15,102.03,102.147,805,4
DGAZ,2019-09-11,15:01,102,102.14,101.989,102.05,795,6
DGAZ,2019-09-11,15:02,,,,,0,0
DGAZ,2019-09-11,15:03,102.04,102.09,101.98,102.09,1452,5
DGAZ,2019-09-11,15:04,102.05,102.05,102.05,102.05,745,3
DGAZ,2019-09-11,15:05,102.01,102.13,102.01,102.12,1853,7
DGAZ,2019-09-11,15:06,102.055,102.12,102.055,102.12,2000,3
DGAZ,2019-09-11,15:07,,,,,0,0
DGAZ,2019-09-11,15:08,102.01,102.01,102.01,102.01,402,2
DGAZ,2019-09-11,15:09,101.939,101.939,101.87,101.87,600,2
DGAZ,2019-09-11,15:10,102.001,102.001,102.001,102.001,130,1
DGAZ,2019-09-11,15:11,102,102.11,102,102.081,1100,8
DGAZ,2019-09-11,15:12,102.08,102.23,102.07,102.09,1862,15
DGAZ,2019-09-11,15:13,102.15,102.15,102.08,102.093,1800,18
DGAZ,2019-09-11,15:14,102,102,102,102,100,1
DGAZ,2019-09-11,15:15,102,102.035,102,102.03,311,3
DGAZ,2019-09-11,15:16,102.05,102.055,101.96,101.998,1200,12
DGAZ,2019-09-11,15:17,102,102.13,102,102.13,700,5
DGAZ,2019-09-11,15:18,102.13,102.24,102.1,102.17,2689,20
DGAZ,2019-09-11,15:19,102.17,102.27,102.17,102.27,7774,13
DGAZ,2019-09-11,15:20,102.17,102.231,102.17,102.231,350,2
DGAZ,2019-09-11,15:21,102.16,102.2,102,102.2,850,8
DGAZ,2019-09-11,15:22,102.15,102.18,102.109,102.109,1277,11
DGAZ,2019-09-11,15:23,102.11,102.11,101.97,102,900,8
DGAZ,2019-09-11,15:24,101.9,102.29,101.9,102.156,4976,46
DGAZ,2019-09-11,15:25,,,,,0,0
DGAZ,2019-09-11,15:26,102.05,102.1,102.05,102.1,334,2
DGAZ,2019-09-11,15:27,102.08,102.197,102.08,102.196,1380,7
DGAZ,2019-09-11,15:28,102.15,102.2,102.15,102.16,427,3
DGAZ,2019-09-11,15:29,102.19,102.19,102.18,102.19,1250,8
DGAZ,2019-09-11,15:30,102.18,102.2,102.09,102.1,2300,18
DGAZ,2019-09-11,15:31,102.01,102.09,102.01,102.09,1300,2
DGAZ,2019-09-11,15:32,102.095,102.095,101.96,101.96,1946,16
DGAZ,2019-09-11,15:33,101.96,102.07,101.96,102.01,760,7
DGAZ,2019-09-11,15:34,101.955,102.012,101.955,102.012,797,4
DGAZ,2019-09-11,15:35,102.03,102.03,101.87,101.91,525,3
DGAZ,2019-09-11,15:36,101.84,101.99,101.84,101.99,1400,3
DGAZ,2019-09-11,15:37,101.9,101.99,101.89,101.89,1200,5
DGAZ,2019-09-11,15:38,101.922,101.922,101.922,101.922,1000,1
DGAZ,2019-09-11,15:39,101.84,101.84,101.84,101.84,500,1
DGAZ,2019-09-11,15:40,101.8,101.882,101.78,101.856,1300,5
DGAZ,2019-09-11,15:41,101.83,101.83,101.63,101.78,2365,14
DGAZ,2019-09-11,15:42,101.78,101.78,101.71,101.725,3350,8
DGAZ,2019-09-11,15:43,101.69,101.69,101.69,101.69,100,1
DGAZ,2019-09-11,15:44,101.611,101.69,101.61,101.69,1200,5
DGAZ,2019-09-11,15:45,101.69,101.69,101.685,101.685,1000,2
DGAZ,2019-09-11,15:46,101.76,101.773,101.717,101.773,450,3
DGAZ,2019-09-11,15:47,101.77,101.96,101.77,101.96,900,7
DGAZ,2019-09-11,15:48,101.91,101.91,101.91,101.91,100,1
DGAZ,2019-09-11,15:49,102,102.02,102,102.01,950,9
DGAZ,2019-09-11,15:50,101.93,102.06,101.92,102.019,3277,31
DGAZ,2019-09-11,15:51,102.05,102.18,102.05,102.11,1254,12
DGAZ,2019-09-11,15:52,102.1,102.1,102.02,102.04,1764,13
DGAZ,2019-09-11,15:53,102.145,102.145,102.04,102.058,600,5
DGAZ,2019-09-11,15:54,102.1,102.21,102.1,102.17,2626,18
DGAZ,2019-09-11,15:55,102.16,102.36,102.16,102.25,2690,18
DGAZ,2019-09-11,15:56,102.11,102.18,102.11,102.18,710,5
DGAZ,2019-09-11,15:57,102.15,102.25,102.11,102.24,1271,8
DGAZ,2019-09-11,15:58,102.29,102.34,102.19,102.19,3772,28
DGAZ,2019-09-11,15:59,102.155,102.18,102.05,102.15,4778,31
